ExperimentID,Category,Status,DatasetOrInput,Result,ArchivePath,CodeSnapshot
R20260826-01,raw_capture,preserve,four complete captures; approach has 389 true CSV pairs,common source for formal replay,raw_captures\R20260826-01_far_to_near_domain_capture,D:\my_works\walker_pose_system\research_records\code_snapshots\S20260827_212156_pre_archive
E20260827-B0,official_baseline,completed,"R20260826-01 approach, 389 pairs",15.336760925449871 valid 3D points/pair; 3.2157169299188793 FPS,official_runs\E20260827-B0_replay_baseline,D:\my_works\walker_pose_system\research_records\code_snapshots\S20260827_212156_pre_archive
E20260827-L1,official_ablation,completed_negative_pareto,"R20260826-01 approach, 389 pairs",strict local perspective: 15.393316195372751 valid 3D points/pair; 0.9198776428698835 FPS; 17 selections,official_runs\E20260827-L1_local_perspective_strict,D:\my_works\walker_pose_system\research_records\code_snapshots\S20260827_212156_pre_archive
E20260827-U1,official_ablation,completed_negative,"R20260826-01 approach, 389 pairs",model-input undistort: 9.100257069408741 valid 3D points/pair; 4.319134709819764 FPS,official_runs\E20260827-U1_model_input_undistort,D:\my_works\walker_pose_system\research_records\code_snapshots\S20260827_212156_pre_archive
E20260826-M0,screening,preserve_screening,"approach 60 pairs, correct orientation",five-model internal geometry screen only; not an accuracy comparison,screening\E20260826-M0_five_model_60_pair_screen,
E20260825-S1,screening,preserve_screening,60-pair keypoint-score sweep,"thresholds 0.10, 0.15, 0.20, 0.25",screening\E20260825-S1_keypoint_score_threshold_sweep,
T20260823-26,engineering_validation,preserve_engineering,"rotation correction, static reconstruction, camera probe","technical milestones, not paper performance results",engineering_validation,
F20260901-S2T1,engineering_validation,frozen,near 180-pair Sapiens2 lower-limb/foot candidate sequence,LK is diagnostic only; short-window smoothing is display-only; no contact/gait-event claim,engineering_validation\\F20260901_sapiens2_near_temporal_usability_freeze_r1,realtime_app\\tools\\evaluate_sapiens2_temporal_optical_flow.py; realtime_app\\tools\\evaluate_short_window_sapiens2_filter.py; realtime_app\\tools\\analyze_sapiens2_lower_limb_kinematics.py
P20260901-FI1,engineering_validation,completed,near 180-pair upright full-image prompt; no YOLO run or detection input,PMPose relative agreement 29.60 px at 2.80 FPS; ProbPose 43.50 px at 6.73 FPS; Sapiens2 engineering reference only,engineering_validation\\P20260901_near_full_image_topdown_no_yolo_r1,realtime_app\\tools\\build_full_image_prompt_cache.py; realtime_app\\tools\\benchmark_probpose_full_image.py; realtime_app\\tools\\canonicalize_full_image_topdown_predictions.py; realtime_app\\tools\\summarize_full_image_topdown_experiment.py
V20260901-D1C3,engineering_validation,completed_negative,60 paired saved C3/D1 PMPose predictions; original fisheye calibration; max_matches=1,D1 lower-body valid points 286 versus C3 291; common-computable median reprojection 3.746 versus 3.108 px; reject D1 as C3 replacement candidate,engineering_validation\\V20260901_DA3_raw_fisheye_safe_roi_C3_control,realtime_app\\tools\\validate_saved_prediction_coordinate_regression.py; realtime_app\\tools\\evaluate_offline_stereo_predictions.py; realtime_app\\tools\\summarize_paired_stereo_replay.py; realtime_app\\tools\\render_c3_d1_divergence_review.py
V20260902-BG1,engineering_validation,setup_complete,shared raw-bounds geometry guard; C3 PMPose blind 2-D audit; independent R20260829 target-identity template,"no new model run or accuracy claim; PMPose, ProbPose and Sapiens2 will share frozen inputs and identity constraints",engineering_validation\\V20260902_baseline_geometry_guard_and_independent_freeze,realtime_app\\pose_app\\geometry_input.py; realtime_app\\tools\\build_stereo_lower_body_2d_audit.py; realtime_app\\tools\\build_target_identity_validation_template.py
V20260902-TC1,engineering_validation,completed,"saved PMPose, ProbPose and Sapiens2 predictions replayed on near 180-pair sequence","full hip-knee-ankle continuity not established; only Sapiens2 shanks have substantial observed continuity; length changes are gate-conditioned diagnostics, not accuracy",engineering_validation\\V20260902_baseline_triangulation_continuity_bone_segments,realtime_app\\tools\\experiment_single_person_jointwise_geometry.py; realtime_app\\tools\\analyze_jointwise_triangulation_continuity.py
V20260902-CE1,engineering_validation,completed,saved PMPose and ProbPose near 180-pair predictions; raw fisheye calibration; fixed rotations,no score or reprojection rejection; 2160/3060 PMPose and 2340/3060 ProbPose coordinates have explicit direct-or-temporal provenance; bone lengths are statistics only,engineering_validation\\V20260902_pmpose_probpose_complete_3d_estimation,realtime_app\\tools\\estimate_complete_stereo_3d.py
V20260904-SR1,engineering_validation,completed,M2 bright 60 pairs; saved C3 PMPose/ProbPose/Sapiens2 predictions; one declared physical person per image,"PMPose/ProbPose coverage 720/720 each; agreement to project-defined Sapiens2 operational reference is 15.91/22.67 px mean, not external 2D or 3D accuracy",engineering_validation\\V20260904_sapiens2_reference_single_person_2d_comparison,realtime_app\\tools\\export_sapiens2_reference_annotations.py; realtime_app\\tools\\evaluate_2d_against_sapiens_reference.py
V20260904-E2E1,engineering_validation,in_progress,existing strict stereo geometry outputs; saved C3 60-pair replay,"T1/T2 complete; T3 software path validated on 60 frames with a clearly test-only non-identity rigid transform: 291 direct points transformed, 69 rejections propagated, inverse numerical check passed. T4 non-contact candidate path emitted 65 raw three-frame turning points (25/20/20 left knee/right knee/ankle separation), with all contact and gait parameters explicitly unavailable. T5 writes T1-T4 and metadata below one run directory, requires stereo_results.jsonl, and rejects no-json mode. T5.1 writes an append-only downstream live-status JSONL after each completed strict stereo pair and overlays the same state on the existing preview and annotated video; C3 60-pair replay retained 291 direct points and 65 non-contact candidates with zero contact events. T5.2 hardware-free preflight passed active local PMPose paths, ports, calibration and registry format while retaining the physical transform as pending; it does not test hardware or services. Physical walker/ground transform and static-reference audit await hardware lock; no gait or accuracy claim",engineering_validation\\V20260904_end_to_end_pipeline_bringup,realtime_app\\pose_app\\lower_limb_trajectory.py; realtime_app\\pose_app\\lower_limb_kinematics.py; realtime_app\\pose_app\\fixed_coordinate.py; realtime_app\\pose_app\\gait_candidates.py; realtime_app\\pose_app\\lower_limb_pipeline.py; realtime_app\\pose_app\\lower_limb_live_status.py; realtime_app\\pose_app\\pipeline_preflight.py; realtime_app\\pose_app\\stereo_visualizer.py; realtime_app\\pose_app\\stereo_output.py; realtime_app\\run_stereo.py; realtime_app\\tools\\export_lower_limb_trajectory.py; realtime_app\\tools\\derive_lower_limb_kinematics.py; realtime_app\\tools\\normalize_lower_limb_coordinates.py; realtime_app\\tools\\derive_gait_candidates.py; realtime_app\\tools\\build_lower_limb_pipeline.py; realtime_app\\tools\\replay_lower_limb_live_status.py; realtime_app\\tools\\preflight_stereo_lower_limb_pipeline.py
V20260906-C3E2E,engineering_validation,completed,people_1 403 pairs 30 FPS; saved C3 PMPose and Sapiens2 predictions (403/403 each); stereo_fisheye.json baseline 298.655 mm; left ccw90 right cw90; max_matches=1; one declared physical person,"Full-body 2-D audit first: PMPose covers 13698/13698 usable Sapiens2 operational-reference points at 13.52 px mean. Strict triangulation then matched 400/403 PMPose pairs (5349 valid 3-D points; 1440 high-reprojection and 11 out-of-bounds rejections retained) and 403/403 Sapiens2 control pairs (5923 points). PMPose lower-limb direct coverage 2001/2418=82.75%. T1-T4 complete with T3 not_configured and 347 raw turning candidates, zero accepted contact events and all formal gait parameters explicitly unavailable; T5 unified archive and T5.1 live replay counts match exactly; T5.2 preflight software_ready with only pending_physical transform. Current-code replay under mainline_reproducibility_check_20260906 is row-for-row identical and 77 tests pass. Geometry self-consistency and software-chain evidence only; no ground-frame gait, real-time, or physical-accuracy claim",engineering_validation\\V20260906_people1_30fps_c3_2d_3d,realtime_app\\tools\\evaluate_offline_stereo_predictions.py; realtime_app\\tools\\build_lower_limb_pipeline.py; realtime_app\\tools\\replay_lower_limb_live_status.py; realtime_app\\tools\\preflight_stereo_lower_limb_pipeline.py; realtime_app\\tools\\export_sapiens2_reference_annotations.py; realtime_app\\tools\\evaluate_2d_against_sapiens_reference.py
V20260908-E1_extrinsic_recalibration_acceptance,engineering_validation,completed,"independent 31-pair session_20260908_201626 (MSMF 1920x1080 30fps 25ms, fixed new camera pose); candidate stereo_fisheye_candidate_20260908_195808.json fitted on 90 center-heavy pairs; intrinsics unchanged","candidate on independent 31 pairs: ray angular med/P95 1.319/2.457 mrad, ray gap med/P95 0.526/1.123 mm, positive-depth 1.0; 30mm board edge abs err med/P95 0.083/0.399 mm, plane residual med/P95 0.152/0.677 mm; 31/31 pairs, coverage radius up to 0.777/0.864 (cam0/cam1). Old calibration control on same frames: 123.864 mrad / 55.307 mm (mismatch confirmed). Acceptance passed on geometric self-consistency; candidate installed as official calibration/results/stereo_fisheye.json, old preserved at stereo_fisheye_before_reposition_20260908.json. Not human 2-D/3-D accuracy.",engineering_validation\V20260908_stereo_extrinsic_recalibration_msmf_fullres,realtime_app\tools\capture_stereo_charuco.py; realtime_app\tools\calibrate_stereo_fisheye.py; realtime_app\tools\validate_stereo_fisheye.py; realtime_app\tools\validate_triangulation_charuco.py
G20260910-walker-occlusion,engineering_validation,completed_negative,"people_1 saved upright stereo frames; 30-frame temporal-only controls plus 12-frame SegFormer person/floor exclusion controls","temporal stability alone rejected 30/30 as static-background ambiguous; person-only semantic exclusion visually swallowed floor/shadows; person+floor left 2/12 numerical candidates but visual audit placed them on door/floor residuals rather than walker structure. No mask may enter ground or geometry modules.",engineering_validation\G20260910_walker_self_occlusion_temporal_sam_v1; engineering_validation\G20260910_walker_self_occlusion_semantic_exclusion_v2; engineering_validation\G20260910_walker_self_occlusion_semantic_exclusion_v3,realtime_app\tools\observe_walker_self_occlusion_temporal.py; realtime_app\tests\test_observe_walker_self_occlusion_temporal.py
G20260910-people1-visual-semantics,engineering_validation,completed_negative,"people_1 left upright full 448-frame sequence; 45 stratified frames; cached ADE20K SegFormer; reviewed walker polyline reference","camera-attached persistent dark-edge template had 3.79% IoU, 4.13% reviewed-walker coverage and 31.16% precision; it misses the main handlebar/uprights and must not enter ground or geometry modules.",engineering_validation\G20260910_people1_visual_semantic_audit_v1,realtime_app\tools\audit_people1_camera_attached_semantics.py; realtime_app\tests\test_audit_people1_camera_attached_semantics.py
G20260911-floor-semantic-backends,engineering_validation,completed_negative,"people_1 new-pose upright left/right 12 manually labelled stereo pairs; current formal fisheye calibration; ADE20K floor label 3; temporal seed controls","Mask2Former is the strongest automatic image-space candidate on 12 labels (left/right IoU 0.831/0.778) but still leaks non-floor structure. One-shot and 80-frame re-anchor optical-flow masks have held-out degradation and re-anchor does not improve shared heldouts. With left/right manually audited masks, strict stereo yields only 2/12 internal direct candidates; their 108.99 degree normal difference and 226.59 mm offset difference reject stable-ground acceptance. Ground reconstruction is not established.",engineering_validation\G20260911_floor_semantic_backend_comparison_v1,realtime_app\tools\benchmark_floor_semantic_backends.py; realtime_app\tools\audit_manual_floor_labels.py; realtime_app\tools\propagate_audited_floor_masks.py; realtime_app\tools\evaluate_temporal_floor_propagation.py; realtime_app\tools\observe_local_ground_semantic_stereo.py; realtime_app\tests\test_benchmark_floor_semantic_backends.py; realtime_app\tests\test_audit_manual_floor_labels.py; realtime_app\tests\test_temporal_floor_mask_propagation.py
G20260911-floor-stereo-correspondence,engineering_validation,completed_diagnosis_plus_single_variable_control,"people_1 12 manually audited left/right floor_eligible mask pairs (0..440 step 40); current fisheye calibration; frozen baseline stereo_manual_floor_masks_12pairs_v1","read-only diagnostic reproduced the frozen baseline bit for bit on 12/12 frames and attributed the 2/12 direct result mainly to the left/right consistency gate: its reverse disparity field is searched in the wrong direction for this calibration, its pass rate at the correct partner position (median 0.0126) is at or below its own null controls (0.0163 shifted partner, 0.0094 other row), and it removed 102461 of 104388 pixels (98.1 percent). One single-variable control (reverse-field search direction only, every threshold and gate unchanged, control arm reproducing the frozen baseline in the same process) turned 12/12 frames direct with 11919-30926 candidates, range-top candidate fraction 0.000-0.007 versus 0.211 median, 149-276 inlier rows, and planes whose normal is 88.5-90.0 degrees from the rectified baseline; more direct frames are not treated as an improvement and no cross-frame or ground-accuracy claim is made",engineering_validation\G20260911_floor_stereo_correspondence_diagnosis_v1,"realtime_app\tools\diagnose_floor_mask_stereo_correspondence.py; realtime_app\tools\observe_local_ground_semantic_stereo_lr_direction_control.py"
G20260912-ground-walker-reconstruction,engineering_validation,completed_geometry_comparison_with_walker_semantic_blocker,"people_1 12 manually labelled stereo floor pairs plus cached Mask2Former floor candidates; strict PMPose 3D sequence; current fisheye calibration","Four ground estimators implemented and compared. Manual-mask dense/sparse/IRLS/region planes available on 12/12,12/12,12/12,7/12; Mask2Former candidates on 12/12,12/12,12/12,6/12. Relative to the manual-mask dense internal reference, Mask2Former dense median normal/offset difference is 0.445 deg/1.482 mm; heuristic IRLS failed at 11.430 deg/68.674 mm. Paired manual walker semantics are absent; rejected temporal masks still generated 24421 median candidate points and 1127 persistent voxels, proving geometric abundance is not semantic validation. Strict-ankle windows yielded 9 walking candidates, 32 ambiguous and 46 unavailable without action truth. No physical accuracy, walker identity, contact or gait claim.",engineering_validation\G20260912_ground_walker_reconstruction_benchmark_v1,"realtime_app\pose_app\scene_geometry_variants.py; realtime_app\pose_app\gait_interaction_candidates.py; realtime_app\tools\benchmark_ground_walker_reconstruction.py; realtime_app\tools\benchmark_walker_candidate_reconstruction.py; realtime_app\tools\evaluate_walking_state_candidates.py"
G20260912-modular-ground-benchmark,engineering_validation,completed_timing_and_evidence_baseline,"people_1 fixed 12 stereo floor pairs (pair_0000,0040,...,0440) with manual floor_eligible labels plus cached Mask2Former floor candidate masks; current formal fisheye calibration; every stereo and geometry threshold read from stereo_manual_floor_masks_12pairs_v1/run_metadata.json with no command line override","Module-level CPU wall-clock timing and a four-layer confidence evidence record were added to the frozen SGBM ground benchmark without changing any estimator, parameter, gate or pre-existing output field. Three plane fitters are ranked by plane_fit_ms P50/P90/P95: dense RANSAC 1355.29/1590.92/1624.88 ms, sparse tile RANSAC 561.93/585.59/594.31 ms and soft weighted IRLS 27.93/37.73/43.95 ms on the manual mask source (Mask2Former source 1317.32/1614.59/1656.55, 543.38/587.56/593.40 and 31.10/48.70/49.53); shared mask-directed rectification plus both SGBM disparity fields P50 about 440-447 ms, triangulation P50 about 96-98 ms, shared cross-region gate P50 about 2451-2473 ms and excluded from the speed ranking. All three fitters return a plane candidate on 12/12 frames for both sources; the shared cross-region gate passes 7/12 (manual) and 6/12 (Mask2Former). Median inlier fraction/residual are 0.8692/4.372 mm, 0.8680/5.036 mm and 0.7752/7.883 mm for manual and 0.8203/5.023 mm, 0.8263/6.016 mm and 0.5067/10.808 mm for Mask2Former. The first two pairs are warm-up only and are excluded from every percentile. Config and evidence output is field-for-field identical to the archived v4 run across all 96 method records and every pre-existing summary field. No IGEV-Stereo, DynamicStereo, optical flow, visual odometry, GroundNet, DA3, SAM or IMU was run. Internal semantic, stereo, plane and cross-region evidence only; not physical ground accuracy, contact, support or gait",engineering_validation\G20260912_modular_ground_benchmark_v1,realtime_app\pose_app\benchmark_timing.py; realtime_app\tests\test_benchmark_timing.py; realtime_app\tools\benchmark_ground_walker_reconstruction.py
G20260912-learned-stereo-replacement,engineering_validation,completed_learned_stereo_replacement_comparison,"people_1 fixed 12 stereo floor pairs (pair_0000,0040,...,0440) with manual floor_eligible labels plus cached Mask2Former floor candidates; current formal fisheye calibration; frozen stereo/geometry thresholds from stereo_manual_floor_masks_12pairs_v1; IGEV-Stereo (official gangweiX/IGEV MIT, sceneflow.pth) and DynamicStereo (official facebookresearch/dynamic_stereo CC BY-NC 4.0, dynamic_stereo_sf.pth) run in two separate conda environments on torch 2.11.0+cu128 because the GPU is Blackwell sm_120","Only the left/right to disparity step was replaced; masks, calibration, mask-directed rectification, left/right consistency, depth and photometric gates, triangulation, the three plane fitters, RANSAC thresholds and the shared cross-region gate are the frozen task-01 code path, and the SGBM comparison rows were read from the task-01 archive instead of being re-run. Both learned matchers loaded their official checkpoints with zero missing tensors and produced a plane candidate on 12/12 frames for both semantic sources, so no combination was unavailable. Median inlier fraction and residual are 0.8692/4.372 mm for SGBM, 0.9954/1.521 mm for IGEV and 0.8503/8.736 mm for DynamicStereo on the manual mask source; the shared cross-region gate passes 7/12, 12/12 and 0/12 respectively. Median stereo candidates are about 17k-20k (SGBM), 54k (IGEV) and 14k-17k (DynamicStereo); left/right consistency is 0.29-0.34 (IGEV) above 0.12-0.13 (SGBM) above 0.09-0.10 (DynamicStereo). GPU forward P50/P90/P95 is 2055.6/2451.9/2683.7 ms for IGEV and 7349.1/7453.0/7555.2 ms for DynamicStereo, peak GPU memory 988.6 MB and 3503.9 MB, and the unified estimated direct pipeline P50 is 873.7 ms (SGBM+IRLS), 4840.7 ms (IGEV+IRLS) and 15342.7 ms (DynamicStereo+IRLS), so the fastest learned combination is still 5.4-6.5 times slower than the fastest SGBM combination. DynamicStereo is an offline five-frame lookahead window (four future frames, 143.79 ms of source waiting plus 7325.68 ms of window inference, 0.68 windows per second) and is explicitly not real-time. Both learned matchers are unrestricted by the SGBM 0-159 px search range and more than half of their valid pixels lie beyond it, while the unchanged 250-8000 mm depth gate is what rejects candidates. All numbers are internal semantic/stereo/plane evidence only: no physical ground truth, no ground-plane accuracy, no foot contact, support phase, step length or clinical claim",engineering_validation\G20260912_learned_stereo_replacement_benchmark_v1,realtime_app\pose_app\learned_stereo_protocol.py; realtime_app\tools\run_learned_stereo_worker.py; realtime_app\tools\benchmark_learned_stereo_replacements.py; realtime_app\tools\verify_rectification_equivalence.py; realtime_app\tests\test_learned_stereo_protocol.py; external_models\_tools\build_environment_manifest.py; external_models\_tools\finalize_summary.py; external_models\_tools\smoke_learned_matcher.py
G20260913-lowlight-floor-preprocessing,engineering_validation,completed_negative_classical_enhancement_not_shown_effective,"people_1 existing upright left_ccw90 / right_cw90 fixed 12 pairs (pair_0000,0040,...,0440) with the existing manual_labels_holdout_v1 LabelMe floor_eligible labels for both views; current formal stereo_fisheye.json; every stereo and geometry threshold read from stereo_manual_floor_masks_12pairs_v1/run_metadata.json with no command line override; existing Mask2Former-Swin-S interface reused unchanged in a separate process; development split 0/80/160/240/320/400, held-out split 40/120/200/280/360/440","Only the semantic network's input image changed: the raw upright left and right images, the formal fisheye calibration, the frozen disparity parameters, the corrected reverse-disparity direction, the mask-directed rectification, every gate threshold and every RANSAC setting are the frozen raw-image chain. Development split left-right macro floor IoU: raw 0.7999, gamma_0p6 0.7971 (-0.0028), clahe_lab 0.8051 (+0.0052), gamma_0p6_then_clahe_lab 0.7856 (-0.0142); the best group stayed inside the fixed 0.01 conservative margin, so raw was kept as the candidate primary front-end. Hold-out split: raw 0.8074, gamma_0p6 0.8064 (-0.0010), clahe_lab 0.8118 (+0.0044), gamma_0p6_then_clahe_lab 0.7867 (-0.0207), so no classical group separated from raw and the conclusion is that the classical enhancement front-end was not shown to be effective on this data. Hold-out geometry medians over 6 frames, with both-side masks present and a candidate plane on 6/6 for every group: candidates 17528/16146/16354/16504, RANSAC inliers 12996/12384/11920/11344, inlier fraction 0.7609/0.7978/0.7697/0.6916, inlier coverage 0.1697/0.1685/0.1628/0.1574, median residual 4.971/4.625/4.740/5.451 mm and region-consensus pass 2/6, 2/6, 1/6, 1/6; the manual-mask internal reference gives 13056 candidates, 10508 inliers, 0.8321, 0.1449, 4.992 mm and 3/6. Against that conditional internal reference the automatic candidate planes differ by 0.541/0.420/0.875/0.952 deg normal angle and 2.721/1.173/3.684/3.715 mm offset. An explicit two-dimensional-better-but-geometry-weaker screen flags 7 of 18 frame and group pairs, with per-condition counts of fewer candidate points 12, fewer inliers 12, lower inlier fraction 9, lower coverage 13, higher median residual 6 and lost region-consensus pass 2. All 24 automatic records stay unavailable with the single reason semantic_identity_unvalidated and expose only unaccepted_candidate_plane; no accepted ground state, foot height, contact, support or gait is produced, and these numbers are not ground truth and not a physical accuracy measurement. Two earlier runs of the same experiment are preserved rather than overwritten: one aborted at WinError 206 path length (the worst planned path is now preflighted before anything is created) and one superseded because region_consensus.passed wrongly compared the fit status with available while the frozen fitter reports candidate on success (corrected pass counts 2/6, 2/6, 1/6, 1/6 and 3/6 for the manual reference). 51 new unit tests were added; the full suite is 255 passed.",engineering_validation\G20260913_lowlight_floor_preprocessing_v1\mask2former_fixed_classical_preprocessing_12pairs_v1,realtime_app\pose_app\lowlight_floor_preprocessing.py; realtime_app\tools\benchmark_lowlight_floor_preprocessing.py; realtime_app\tests\test_lowlight_floor_preprocessing.py
G20260913-temporal-ground-composition,engineering_validation,completed_flow_verified_vo_fail_closed,"people_1 fixed 12 stereo anchors (pair_0000,0040,...,0440) with cached Mask2Former floor candidate masks for both views and manual floor_eligible labels used for 2-D identity audit only; task-01 G20260912_modular_ground_benchmark_v1 and task-02 G20260912_learned_stereo_replacement_benchmark_v1 read read-only; no stereo matcher re-run, no model trained or fine-tuned","Optical flow and static-background VO were added and the fixed 27-combination matrix was built, read-only over task-01/task-02. Flow: 22 records (11 anchor intervals x 2 independent views, left mask never copied to the right), all available; single-step Mask2Former previous-to-current IoU median 0.8409 left / 0.7649 right, forward-backward consistency 0.9313 / 0.8896. 40-step manual-anchor drift evaluation (target label read only after propagation): manual-seed macro IoU 0.7500 / 0.7538, precision 0.8713 / 0.8694, recall 0.8539 / 0.8567, false_positive_on_non_floor 0.0371 / 0.0318, false_negative_on_floor 0.1461 / 0.1433, mask_area_change +0.0095 / -0.0052; Mask2Former-seeded chains drift to 18.6-26.1 percent larger masks with precision 0.79 / 0.73; production-compatible Mask2Former-to-Mask2Former IoU 0.8003 / 0.7493. Propagated area fraction is flat over 40 steps (-2.28e-5 / -7.01e-5 per step), so the loss is endpoint shape error, not area blow-up. VO fails closed: 99 records (3 matchers x 3 plane methods x 11 intervals), 51 source anchors eligible, 0 propagated, all unavailable; 48 rejected by no_direct_anchor_after_cross_region_gate (all 33 DynamicStereo rows because the frozen shared region gate passes 0/12, never used as a direct anchor and never replaced by a candidate plane) and 51 by no_per_frame_static_background_metric_correspondences_in_frozen_archives plus static_background_domain_not_certifiable, because the archives hold no per-frame metric static-background stereo for the 440 intermediate frames and the unverified walker candidate exclusion region exists for only 12 frames. Matrix: exactly 27 rows with unique ids, full_chain_measured true 9 (direct) / false 18 (composition), measurement_scope direct_chain 9 / temporal_module_composition 18, realtime_compatible 0 true / 27 false against the declared 35.947 ms frame budget of the source's 27.8188 pairs/s, and measured_end_to_end_latency_ms null in every row (only module-time sums labelled estimated). Fastest direct row mask2former_swin_small__sgbm__soft_weighted_irls__direct_current_frame estimated 745.1 ms P50; strongest internal-geometry direct row mask2former_swin_small__igev__dense_ransac__direct_current_frame (median inlier fraction 0.9705, median residual 1.724 mm, frozen shared region gate 12/12); fastest flow-assisted row 7970.3 ms. Flow cost at full upright resolution is high (flow_field_ms median 3406.7 ms, p95 3636.6 ms, two-view median 7225.2 ms). All values are internal consistency and this host's module wall clock: Mask2Former stays a candidate, manual masks stay 2-D audit, no independent physical ground truth exists, and no true ground accuracy, camera-height accuracy, foot-to-ground height, gait event, contact or clinical quantity is reported.",engineering_validation\G20260913_temporal_ground_composition_benchmark_v1,realtime_app\tools\benchmark_temporal_ground_modules.py; realtime_app\tests\test_temporal_ground_modules.py
G20260913-mask2former-online-latency-parity,engineering_validation,"completed_online_semantic_latency_and_pixel_parity","people_1 fixed 12 anchor frames (pair_0000,0040,...,0440) of the upright left_ccw90 and right_cw90 views (24 images); archived Mask2Former-Swin-S floor candidate masks from G20260911_floor_semantic_backend_comparison_v1 read read-only; manual_labels_holdout_v1 LabelMe floor labels for both views used for a 2-D audit only; frozen task-03 combination_matrix_27.json read read-only; cached checkpoint facebook/mask2former-swin-small-ade-semantic loaded with local_files_only=True","The one missing module in the task-03 latency table was measured: the actual Mask2Former online forward, which task-03 never ran (its mask_load_ms only reads cached PNGs). Stage-level single-image latency over 120 main records (24 images x 5 repeats, 3 warm-up runs excluded) on an RTX 5070 Ti Laptop with torch 2.11.0+cu128 and transformers 5.16.1 at 1080x1920: image_decode 185.469/205.252 ms P50/P95, bgr_to_rgb 2.785/3.550, processor_cpu 60.119/65.052, host_to_device 1.393/1.594, gpu_forward 336.128/371.592, postprocess 15.604/17.186, floor_mask_extract 10.750/12.265, and full_online_semantic (the sum of exactly those seven stages, with cache_mask_read_ms and candidate_png_write_ms kept as separate I/O diagnostics) 614.468/653.247 ms P50/P95; left P50 612.155 and right P50 615.712; model_load_ms 3712.157; floor class id 3. Every CUDA timing span is fenced by torch.cuda.synchronize() so the reported forward time is not an asynchronous launch. Pixel reproducibility: all 24 re-inferred floor candidates are pixel-identical to the archived cached masks (different_pixel_count 0, exact_match true, iou_vs_cached 1.0 on all 24 records), so semantic_parity_status is exact_match_all_24 and appending this module time to the frozen matrix stays a same-output estimate. Manual 2-D mask consistency audit (same mutually exclusive priority ignore_uncertain > person > walker > static_other > floor_eligible, reuse of audit_manual_floor_labels): left 12 images precision 0.8411 recall 0.9830 IoU 0.8296 walker_to_floor_fraction 0.1186; right 12 images precision 0.7843 recall 0.9890 IoU 0.7776 walker_to_floor_fraction null because the right labels are floor_eligible only. The 27-combination matrix was augmented without changing any original field: every row gains semantic_latency_source, semantic_online_p50_ms 614.468, semantic_online_p95_ms 653.247, estimated_end_to_end_including_semantic P50/P95, latency_kind estimated_module_sum, measured_end_to_end_latency_ms null and semantic_parity_status exact_match_all_24; numeric baselines are summed and the 9 vo_propagated_plane rows stay null. Fastest three estimated P50: sgbm+soft_weighted_irls 745.068 to 1359.537 ms, sgbm+sparse_tile_ransac 1255.937 to 1870.405 ms and sgbm+dense_ransac 2043.234 to 2657.702 ms; realtime_compatible stays false in all 27 rows and no combination was promoted to real-time. Nothing spatial or temporal was re-run (no SGBM, IGEV, DynamicStereo, plane fitting, Farneback flow or VO) and all four upstream directories are unchanged file-for-file in count, size and mtime. 46 new unit tests; full suite 301 passed. All numbers are module wall clocks and image-space mask comparisons on one host and one interface version: Mask2Former stays an automatic 2-D floor candidate, not a manual label, 3-D truth or physical ground plane, and nothing here is true ground accuracy, foot-to-ground height, contact, support or gait",engineering_validation\G20260913_mask2former_online_latency_parity_v1,"realtime_app\tools\benchmark_mask2former_online_latency.py; realtime_app\tests\test_mask2former_online_latency.py"
G20260913-contiguous-left-floor-semantic-holdout,engineering_validation,completed_left_view_temporal_holdout_audit,"people_1 contiguous left upright frames pair_0001 through pair_0011, 11 manually labelled floor_eligible-only LabelMe files that were not part of the prior 12 spaced-frame selection or low-light split; cached local Mask2Former-Swin-S raw-input inference","Raw Mask2Former left-view floor candidate macro precision/recall/IoU is 0.8762/0.9887/0.8675; per-frame IoU median 0.8656, range 0.8525-0.8811 and standard deviation 0.0101. This supports stable short-continuous left-view image-space candidate behavior on the same session, but does not test right-view agreement, stereo correspondence, metric ground, walker identity, contact or gait. Labels contain no walker/person/ignore classes, so walker leakage rate is not measurable and no walker training/evaluation is performed.",engineering_validation\G20260913_contiguous_left_floor_semantic_holdout_v1,"realtime_app\tools\benchmark_floor_semantic_backends.py; realtime_app\tools\audit_manual_floor_labels.py; realtime_app\tests\test_audit_manual_floor_labels.py"
G20260913-mask2former-stereo-pair-latency-correction,engineering_validation,completed_readonly_accounting_correction,"120 single-view records paired into 60 stereo records","stereo semantic P50 1230.180900 ms; P95 1297.682905 ms; 27 rows corrected",engineering_validation\G20260913_mask2former_stereo_pair_latency_correction_v2,
G20260914-static-ground-reference,engineering_validation,completed_fixed_ground_reconstruction,"20 stationary stereo ChArUco pairs from session_20260914_121946; 12 mm board thickness; formal fisheye calibration; existing people_1 strict PMPose 3D","20/20 pairs accepted; camera height 703.05 mm; origin repeatability P95 2.21 mm; normal repeatability P95 0.75 deg; 448 skeleton frames rendered; walker ground-contact state remains unimplemented",engineering_validation\G20260914_static_ground_reference_v1,"realtime_app\pose_app\static_ground_reference.py; realtime_app\tools\offline_estimate_static_ground.py; realtime_app\tools\offline_visualize_skeleton_on_ground.py"
